<?xml version="1.0" encoding="UTF-8"?>
<rules
    xmlns="http://namespaces.plone.org/diazo"
    xmlns:css="http://namespaces.plone.org/diazo/css"
    xmlns:xi="http://www.w3.org/2001/XInclude"
    xmlns:esi="http://www.edge-delivery.org/esi/1.0"
    xmlns:str="http://exslt.org/strings"
    xmlns:xsl="http://www.w3.org/1999/XSL/Transform">

    <theme href="index.html" css:if-content="#visual-portal-wrapper" />

    <notheme if-path="@@manage-viewlets" />
    <notheme if="$ajax_load" />

    <xsl:output method="html"/>

    <rules css:if-content="#visual-portal-wrapper">
        <!--Plone.app.toolbar-->
        <append theme="/html/body" content="//div[@data-iframe='toolbar']" />

        <!--Head-->
        <after css:theme="#accessibility-wrapper" css:content="div#barra-identidade" />
        <copy css:content="html" css:theme="html" attributes="lang dir" />
        <prepend css:content-children="head" css:theme="head" />
        <drop css:content="head link[rel='shortcut icon']" />
        <drop css:content="head link[rel='apple-touch-icon']" />
        <drop css:content="head meta[name='viewport']" />
        <drop css:theme="head link#plone-css" />
        <drop css:theme="head link#main-css" />

        <!--Content -->
        <copy attributes="href" css:content="#portal-advanced-search a" css:theme="#link-busca" />
        <replace css:content="#logo" css:theme="#logo" />
        <merge attributes="class" css:content="body" css:theme="body" />
        <copy attributes="id dir" css:content="body" css:theme="body" />
        <prepend css:content="#portal-features" css:theme="#main" />
        <copy attributes="role" css:content="content" css:theme="contentspace" />
        <replace css:content="#portal-column-one" css:theme="#portal-column-one" />
        <replace css:content="#viewlet-above-content" css:theme="#viewlet-above-content" />
        <replace content="//*[@id='portal-column-content']/div[2]" css:theme="#main-content" />
        
        <!-- Devem ser selecionados os filhos imediátos do #portal-column-content do conteúdo, para
        que não sejam aplicados em templates que não sejam de gestão de usuários. Se as regras abaixo
        forem aplicadas em templates que não sejam de gestão de usuários, o conteúdo ficará duplicado uma vez que a regra:
        <replace content="//*[@id='portal-column-content']/div[2]" css:theme="#main-content" />
        já insere esses ids no tema.-->
        <before css:theme="#viewlet-below-content" css:content="#portal-column-content > #kssPortalMessage" />
        <before css:theme="#viewlet-below-content" css:content="#portal-column-content > #dashboard-info-message" />
        <before css:theme="#viewlet-below-content" css:content="#portal-column-content > #content" />

        <copy attributes="class" css:content="#portal-column-content" css:theme="#portal-column-content" />
        <replace css:content="#portal-column-content > #viewlet-below-content" css:theme="#portal-column-content > #viewlet-below-content" />
        <replace css:content="#portal-column-two" css:theme="#portal-column-two" />
        <replace css:content="#doormat-container" css:theme="#doormat"  />

        <!-- Portlets -->
        <strip css:content=".portletNavigationTree .portletHeader a.tile" />

        <!--Viewlets-->
        <replace css:content="#portal-personaltools" css:theme="#user" />
        <replace css:content="#portal-siteactions" css:theme="#portal-siteactions" />
        <copy attributes="href title" css:content="#portal-logo" css:theme="#logo a" />
        <drop css:content="#portal-header p.hiddenStructure" />
        <drop css:content=".searchSection" />
        <replace css:content="#portal-searchbox" css:theme="#portal-searchbox" />
        <replace css:content="#portal-servicos li" css:theme-children="#sobre ul" />
        <replace css:content="#portal-redes li" css:theme-children="#social-icons ul" />
        <replace css:content="#doormat-container" css:theme="#doormat" />
        <replace css:content-children="#portal-footer" css:theme="#footer-info" />
        <after css:content="#portal-languageselector" css:theme="#logo" />
        <replace css:theme="#voltar-topo" css:content="#voltar-topo" />
        <replace css:theme="#extra-footer" css:content="#extra-footer" />
        <replace css:theme="#accessibility" css:content="#accessibility" />
        <drop css:content="#viewlet-below-content-body" />
        <replace css:theme="#barra_brasil_js" css:content-children="#barra_brasil_js" />

        <!-- UL DE LíNGUAS
        É necessário cadastrar uma action em site_actions com o mesmo id de
        língua que existe no css, ou seja, no padrão "language-LANGUADE_CODE",
        para que as regras a seguir funcionem corretamente.-->

        <!--Habilita a div de línguas novamente removendo o hidden, já que encontrou uma action de-->
        <!--língua renderizada.-->
        <drop if-content="//ul[@id='portal-siteactions']/li[contains(@id,'siteaction-language-')]" css:theme="#language" attributes="class" />

        <!-- Inglês -->
        <drop if-not-content="//ul[@id='portal-siteactions']/li[contains(@id,'siteaction-language-en')]" css:theme=".language-en" />
        <copy attributes="href" css:content="#siteaction-language-en a" css:theme=".language-en a" />
        <drop css:content="#siteaction-language-en" />

        <!-- Espanhol -->
        <drop if-not-content="//ul[@id='portal-siteactions']/li[contains(@id,'siteaction-language-es')]" css:theme=".language-es" />
        <copy attributes="href" css:content="#siteaction-language-es a" css:theme=".language-es a" />
        <drop css:content="#siteaction-language-es" />

        <!--Se não vier nenhuma action de língua, é necessário remover por completo-->
        <!--a ul de línguas do tema pois ela estará vazia. -->
        <drop if-not-content="//ul[@id='portal-siteactions']/li[contains(@id,'siteaction-language-')]" css:theme="ul#language" />
        <!-- UL DE LíNGUAS -->

        <after theme-children="/html/body" css:content-children="#plone-analytics" />

    </rules>


</rules>
